0,str
1,600108
2,600354
3,600359
4,600371
5,600506
7,600598
8,601118
9,601952
10,603336
11,000713
12,000998
13,002041
14,002772
15,300087
16,300143
17,300189
18,300511
19,600097
20,600257
21,600467
23,000798
24,002069
25,002086
26,002173
27,002447
28,002696
29,300094
30,600189
32,000592
33,000699
34,002679
35,600438
36,603363
37,603609
38,603668
39,000048
40,000702
41,000876
42,002100
43,002124
44,002157
45,002311
46,002385
47,002548
48,002567
49,300673
50,600127
51,600191
52,600251
53,600298
54,600737
55,600873
56,600962
57,000639
58,000893
59,000911
60,000930
62,002220
63,002286
64,002604
65,002852
66,300138
67,300149
68,300175
69,300268
70,600313
72,300021
73,600695
74,600965
75,600975
76,000735
77,002234
78,002299
79,002321
80,002458
81,002477
82,002505
83,002714
84,002746
85,300106
86,300313
87,300498
88,600195
89,600201
90,600226
91,603566
92,603718
93,002688
94,002868
95,300119
96,300186
97,600759
98,600777
99,601857
101,600123
102,600157
103,600188
104,600348
105,600395
106,600397
108,600408
109,600508
110,600546
112,600740
113,600758
114,600792
115,600971
116,600997
117,601001
118,601011
119,601015
120,601088
121,601101
122,601225
123,601666
124,601699
125,601898
126,601918
127,603113
128,000552
129,000571
130,000723
132,000937
133,000968
134,000983
135,002128
136,600193
137,600295
138,600532
139,601969
140,603505
142,000655
143,000762
144,600339
145,600583
146,600871
147,601808
148,603619
149,603727
150,603979
152,002554
153,002629
154,002738
155,002828
156,300157
157,300164
158,300191
159,600028
161,600256
162,600387
163,600688
164,603003
165,603798
166,603906
167,000059
168,000096
169,000159
170,000554
171,000637
172,000698
173,000819
174,002221
175,002377
176,002778
177,300135
178,600075
180,600277
181,600281
183,600328
184,600367
185,600409
186,600618
187,600714
188,600722
189,601216
190,603067
191,603077
192,603299
193,603928
194,000422
195,000510
196,000545
197,000635
198,000683
199,000707
200,000818
201,000822
202,002002
203,002053
204,002092
205,002125
206,002386
207,002648
208,002805
209,300285
210,300522
211,300655
212,600078
213,600096
214,600141
215,600160
216,600176
218,600230
219,600249
220,600273
221,600299
222,600309
223,600315
224,600319
225,600352
226,600378
227,600389
229,600426
230,600458
231,600470
232,600486
233,600500
234,600589
235,600596
238,600691
239,600727
240,600731
241,600746
244,600985
245,601678
246,603002
247,603010
248,603026
249,603041
250,603078
251,603086
252,603110
253,603133
254,603181
255,603188
256,603227
257,603260
258,603330
259,603360
260,603378
261,603585
262,603599
263,603601
264,603605
265,603630
266,603639
267,603683
268,603722
269,603737
270,603822
271,603823
272,603879
273,603916
274,603938
275,603968
276,603980
278,000523
279,000525
280,000553
281,000565
282,000731
283,000737
285,000792
286,000830
287,000902
288,000912
291,000985
292,000990
293,002004
294,002010
295,002037
296,002054
297,002061
298,002080
299,002096
300,002109
301,002136
302,002145
303,002165
304,002170
305,002201
306,002211
307,002215
308,002226
309,002246
310,002250
311,002256
312,600063
313,600346
314,600527
316,600810
317,600889
318,601113
319,601233
320,603055
321,603225
322,000420
323,000584
324,000677
325,000703
326,000782
328,000936
329,000949
330,002015
331,002064
332,002172
333,002206
334,002254
335,002427
336,002493
337,300699
338,600143
339,601208
340,603266
341,603580
342,603991
344,000859
345,000973
346,002108
347,002263
348,002324
349,002382
350,002395
351,002450
352,002768
353,002825
354,002838
355,002886
356,300180
357,300218
358,300221
359,300230
360,300305
361,300321
362,300325
363,300478
364,300539
365,300586
366,300716
367,600182
368,600469
369,600623
370,601058
371,601163
372,601500
373,601966
374,603033
375,603615
376,000589
377,000599
378,002068
379,002224
380,002381
381,002442
382,002753
383,300121
384,300320
385,300587
386,600001
387,600005
388,600010
389,600019
390,600022
391,600102
392,600117
393,600126
394,600231
395,600282
396,600307
397,600357
398,600399
399,600507
400,600569
401,600581
403,600782
404,600808
405,601003
407,603878
408,000708
409,000709
410,000717
411,000761
412,000778
413,000825
414,000898
416,000959
417,002075
418,002110
419,002318
420,002443
421,002478
422,002756
423,600114
424,600206
425,600330
426,600366
427,600516
428,600614
429,600615
430,600980
431,603612
432,603688
433,603826
434,603978
436,000633
437,000795
438,000962
439,000969
440,000970
441,002057
442,002130
443,002149
444,002182
445,002340
446,002600
447,300127
448,300224
449,300395
450,300428
451,300489
452,300666
453,300706
454,600219
455,600255
456,600331
457,600338
458,600362
459,600490
460,600497
461,600531
462,600595
463,600673
464,600711
465,600768
466,600888
467,600961
468,601020
469,601137
470,601168
471,601212
472,601388
473,601600
474,601677
475,603527
476,000060
477,000426
478,000603
479,000612
480,000630
481,000688
482,000751
483,000758
484,000807
485,000813
486,000878
487,000933
488,000975
489,002114
490,002160
491,002171
492,002203
493,002295
494,002379
495,002501
496,002540
497,002578
498,002806
499,002824
500,300337
501,300697
502,600311
503,600385
504,600489
505,600547
506,600687
507,600766
508,600988
509,601069
510,601899
511,002155
512,002237
513,600111
514,600259
515,600392
517,600456
518,600459
519,600549
520,601958
521,603399
522,603663
523,603799
524,603993
525,000657
527,000697
528,000831
529,000960
531,002167
532,002378
533,002428
534,002460
535,002466
536,002716
537,002842
538,300618
539,600171
540,600360
541,600460
542,600584
543,603005
544,603160
545,603501
546,603986
547,000670
548,002049
549,002079
550,002119
551,002156
552,002180
553,002185
554,002371
555,002859
556,300046
557,300053
558,300077
559,300139
560,300183
561,300223
562,300327
563,300373
564,300458
565,300493
566,300613
567,300623
568,300661
569,300671
570,300672
571,600183
572,600237
573,600563
574,603186
575,603228
576,603328
577,603386
578,603678
579,603738
580,603920
581,603936
582,603989
583,000532
584,000636
585,000701
586,000733
587,000823
589,002138
590,002199
591,002222
592,002288
593,002389
594,002436
595,002463
596,002484
597,002579
598,002618
599,002636
600,002815
601,002866
602,300394
603,300408
604,300460
605,300476
606,300726
607,600071
608,600261
609,600363
610,600651
611,600666
612,600703
613,600707
614,603303
615,603515
616,603679
617,000045
618,000050
619,000413
620,000536
621,000541
622,000725
623,000727
624,002005
625,002036
626,002076
627,002106
628,002189
629,002217
630,002273
631,002289
632,002449
633,002456
634,002587
635,002638
636,002745
637,002808
638,002841
639,002845
640,002876
641,300032
642,300076
643,300088
644,300102
645,300128
646,300162
647,300219
648,300232
649,300241
650,300296
651,300301
652,300303
653,300319
654,300323
655,300331
656,300346
657,300389
658,300545
659,300566
660,300582
661,300625
662,300632
663,300650
664,300691
665,300701
666,300708
667,600074
668,600110
669,600288
670,600884
671,603595
672,000062
673,000988
674,002008
675,002056
676,002141
677,002161
678,002214
679,002388
680,002414
681,002684
682,002724
683,002729
684,002885
685,300014
686,300078
687,300116
688,300184
689,300220
690,300340
691,300390
692,300410
693,300438
694,300502
695,300516
696,300656
697,600478
698,601231
699,603380
700,603633
701,603933
702,000020
703,000049
704,002025
705,002045
706,002055
707,002139
708,002179
709,002236
710,002241
711,002351
712,002369
713,002384
714,002402
715,002415
716,002475
717,002547
718,002635
719,002655
720,002660
721,002782
722,002850
723,002855
724,002861
725,002881
726,002888
727,002902
728,300083
729,300115
730,300131
731,300136
732,300207
733,300227
734,300256
735,300279
736,300282
737,300322
738,300328
739,300433
740,300543
741,300602
742,300647
743,300657
744,300679
745,300686
746,300709
747,600006
748,600066
749,600104
750,600166
751,600213
752,600303
753,600418
754,600609
755,600686
756,600991
757,601127
758,601238
759,601633
760,601777
761,000550
762,000572
763,000625
764,000800
765,000868
766,000927
767,000951
768,000957
769,002594
770,600081
771,600148
772,600178
773,600480
774,600523
775,600660
776,600676
777,600698
778,600699
779,600741
780,600742
781,600933
782,600960
783,601311
784,601689
785,601799
786,603006
787,603009
788,603023
789,603035
790,603037
791,603040
792,603085
793,603089
794,603158
795,603166
796,603178
797,603179
798,603197
799,603239
800,603286
801,603305
802,603306
803,603319
804,603335
805,603358
806,603586
807,603701
808,603730
809,603758
810,603767
811,603768
812,603788
813,603809
814,603922
815,603926
816,603997
817,000030
818,000338
819,000559
820,000581
821,000622
822,000678
823,000700
824,000710
825,000757
826,000760
827,000887
828,000903
829,000980
830,001696
831,002048
832,002085
833,002101
834,002126
835,002213
836,002239
837,002265
838,002283
839,002284
840,002328
841,002355
842,002363
843,002406
844,002434
845,002448
846,002454
847,002472
848,002488
849,002510
850,002536
851,002553
852,002590
853,002592
854,002593
855,002625
856,002662
857,002664
858,002703
859,002708
860,002715
861,002725
862,002765
863,002863
864,002865
865,002906
866,300100
867,300176
868,300258
869,300304
870,600297
871,600327
872,600335
873,600625
874,600653
875,601258
876,601965
877,603377
878,603528
879,000025
880,000753
881,000996
882,002607
883,002682
884,600099
885,600679
887,603129
888,603766
889,603776
890,603787
891,000017
892,000913
893,002105
894,600336
895,600619
896,600690
897,600854
898,600983
899,603355
900,603366
901,603519
902,603578
903,603677
904,603726
905,603868
906,000333
907,000404
908,000418
909,000521
910,000527
911,000533
912,000651
913,000921
914,002011
915,002032
916,002035
917,002050
918,002242
919,002260
920,002290
921,002403
922,002418
924,002508
925,002543
926,002616
927,002668
928,002676
929,002677
930,002681
931,002705
932,002723
933,002759
934,002860
935,300160
936,300217
937,300247
938,300249
939,300272
940,300342
941,300403
942,300475
943,600060
944,600839
945,600870
946,603996
947,000016
948,000100
949,000801
950,000810
951,002052
952,002420
953,002429
954,002519
955,002848
956,600059
957,600084
958,600132
959,600197
960,600199
961,600238
962,600300
963,600365
964,600519
965,600543
966,600559
967,600573
968,600600
969,600616
971,600702
972,600779
973,600809
974,601579
975,603031
976,603198
977,603369
978,603589
979,603779
980,603919
981,000019
982,000557
983,000568
984,000596
985,000729
986,000752
987,000799
988,000848
989,000858
990,000860
991,000869
992,000929
993,000995
994,002304
995,002387
996,002461
997,002568
998,002646
999,600073
1000,600186
1001,600305
1002,600381
1003,600429
1004,600597
1005,600866
1006,600872
1007,600882
1008,600887
1009,603020
1010,603027
1011,603043
1012,603288
1013,603345
1014,603517
1015,603536
1016,603696
1017,603777
1018,603866
1019,603886
1020,000716
1021,000895
1022,002216
1023,002329
1024,002330
1025,002481
1026,002495
1027,002507
1028,002515
1029,002557
1030,002570
1031,002582
1032,002650
1033,002661
1034,002695
1035,002702
1036,002719
1037,002726
1038,002732
1039,002770
1040,002820
1041,002840
1042,002847
1043,002891
1044,002910
1045,300146
1046,600070
1047,600152
1048,600156
1049,600220
1050,600232
1051,600370
1052,600448
1053,600493
1054,600510
1055,600626
1056,600689
1058,600987
1059,601339
1060,601599
1061,603238
1062,603889
1063,000611
1064,000726
1065,000779
1066,000850
1067,000955
1069,002003
1070,002034
1071,002042
1072,002083
1073,002087
1074,002098
1075,002144
1076,002193
1077,002394
1078,002404
1079,002516
1080,002674
1081,300577
1082,300658
1083,600107
1084,600137
1085,600146
1086,600177
1087,600398
1088,600400
1089,600630
1090,601566
1091,601718
1092,603001
1093,603116
1094,603157
1095,603196
1096,603365
1097,603518
1098,603555
1099,603557
1100,603558
1101,603587
1102,603608
1103,603665
1104,603808
1105,603839
1106,603877
1107,603908
1108,603958
1109,002029
1110,002154
1111,002269
1112,002291
1113,002293
1114,002327
1115,002397
1116,002485
1117,002486
1118,002494
1119,002503
1120,002563
1121,002569
1122,002612
1123,002634
1124,002656
1125,002687
1126,002699
1127,002761
1128,002762
1129,002763
1130,002776
1131,002780
1132,002832
1133,002875
1134,300005
1135,300526
1136,300591
1137,600069
1138,600103
1139,600235
1140,600308
1141,600356
1142,600433
1143,600567
1144,600793
1145,600963
1146,600966
1147,603165
1148,603429
1149,000488
1150,000576
1151,000815
1152,002012
1153,002067
1154,002078
1155,002235
1156,002511
1157,002521
1158,600076
1159,600210
1160,600836
1161,601515
1162,601968
1163,603022
1164,603058
1165,603499
1166,603607
1167,603899
1169,000812
1170,002014
1171,002117
1172,002191
1173,002228
1174,002229
1175,002243
1176,002303
1177,002522
1178,002565
1179,002585
1180,002599
1181,002701
1182,002735
1183,002752
1184,002787
1185,002799
1186,002803
1187,002812
1188,002831
1189,002836
1190,002846
1191,300057
1192,300501
1193,600086
1194,600135
1195,600337
1196,600439
1197,600599
1198,600612
1200,600978
1201,601996
1202,603008
1203,603021
1204,603180
1205,603208
1206,603226
1207,603268
1208,603313
1209,603326
1210,603385
1211,603389
1212,603398
1213,603600
1214,603661
1215,603801
1216,603816
1217,603818
1218,603833
1219,603838
1220,603898
1221,000026
1222,000587
1223,000663
1224,000910
1225,002084
1226,002102
1227,002240
1228,002259
1229,002301
1230,002345
1231,002348
1232,002356
1233,002489
1235,002572
1236,002574
1237,002575
1238,002605
1239,002615
1240,002631
1241,002678
1242,002721
1243,002731
1244,002740
1245,002790
1246,002798
1247,002853
1248,002862
1249,002867
1250,002899
1251,300061
1252,300089
1253,300329
1254,300616
1255,300640
1256,300651
1257,300703
1258,002751
1259,600062
1260,600079
1261,600216
1262,600227
1263,600253
1264,600267
1265,600276
1266,600380
1267,600420
1268,600488
1269,600513
1270,600521
1271,600566
1272,600664
1274,600789
1275,600812
1276,600851
1277,603079
1278,603168
1279,603222
1280,603229
1281,603456
1282,603520
1283,603538
1284,603658
1285,603669
1286,603676
1287,603707
1288,603811
1289,000153
1290,000513
1291,000522
1292,000566
1293,000597
1294,000739
1295,000756
1296,000788
1297,000908
1298,000915
1299,000952
1300,002001
1301,002019
1302,002020
1303,002099
1304,002262
1305,002294
1306,002332
1307,002365
1308,002370
1309,002393
1310,002399
1311,002411
1312,002422
1313,002437
1314,002550
1315,002626
1316,002653
1317,002675
1318,002728
1319,002773
1320,002821
1321,002898
1322,002900
1323,300006
1324,300016
1325,300086
1326,300110
1327,300194
1328,300199
1329,300233
1330,300254
1331,300267
1332,300361
1333,300363
1334,300401
1335,300436
1336,300452
1337,300497
1338,300558
1339,300583
1340,300584
1341,300630
1342,300636
1343,300702
1344,300705
1345,300723
1346,600085
1347,600129
1348,600211
1349,600222
1350,600252
1351,600285
1352,600329
1353,600332
1354,600351
1355,600422
1356,600436
1357,600479
1358,600518
1359,600535
1360,600538
1361,600557
1362,600572
1363,600594
1364,600613
1365,600671
1366,600750
1367,600771
1368,600781
1369,600976
1370,600993
1371,603139
1372,603567
1373,603858
1374,603896
1375,603963
1376,603998
1377,000423
1378,000538
1379,000590
1380,000623
1381,000650
1382,000766
1383,000790
1384,000919
1385,000989
1386,000999
1387,002107
1388,002118
1389,002166
1390,002198
1391,002275
1392,002287
1393,002317
1394,002349
1395,002390
1396,002412
1397,002424
1398,002433
1399,002566
1400,002603
1401,002644
1402,002737
1403,002750
1404,002817
1405,002826
1406,002864
1407,002873
1408,002907
1409,300026
1410,300039
1411,300049
1412,300108
1413,300147
1414,300158
1415,300181
1416,300519
1417,300534
1418,600080
1419,600161
1420,600196
1421,600530
1422,600645
1423,600796
1424,600867
1425,000004
1427,000518
1428,000661
1429,002007
1430,002030
1431,002038
1432,002252
1433,002581
1434,002680
1435,002693
1436,002880
1437,300009
1438,300122
1439,300142
1440,300204
1441,300239
1442,300255
1443,300289
1444,300294
1445,300357
1446,300381
1447,300406
1448,300485
1449,300573
1450,300601
1451,300653
1452,300683
1453,300685
1454,300725
1455,600056
1456,600090
1457,600272
1458,600511
1460,600713
1461,600829
1462,600833
1463,600849
1464,600998
1465,601206
1466,601607
1467,603233
1468,603368
1469,603716
1470,603883
1471,603939
1472,000028
1473,000078
1474,000411
1475,000705
1476,000963
1477,002462
1478,002589
1479,002727
1480,002758
1481,002788
1482,002872
1483,600055
1484,600529
1485,600587
1486,603309
1487,603367
1488,603387
1489,603579
1490,603880
1491,603976
1492,603987
1493,002022
1494,002223
1495,002432
1496,002551
1497,002614
1498,002901
1499,300003
1500,300030
1501,300171
1502,300206
1503,300216
1504,300238
1505,300246
1506,300273
1507,300298
1508,300314
1509,300318
1510,300326
1511,300358
1512,300396
1513,300412
1514,300439
1515,300453
1516,300463
1517,300482
1518,300529
1519,300562
1520,300595
1521,300633
1522,300639
1523,300642
1524,300676
1525,300677
1526,600721
1527,600763
1529,600896
1530,603108
1531,603127
1532,603882
1533,000150
1534,000503
1535,002044
1536,002219
1537,002710
1538,300015
1539,300244
1540,300347
1541,300404
1542,600011
1543,600021
1544,600023
1545,600027
1546,600098
1547,600101
1548,600116
1549,600131
1550,600163
1551,600167
1552,600236
1553,600310
1554,600396
1555,600452
1556,600483
1557,600505
1558,600509
1559,600578
1560,600642
1561,600644
1562,600674
1563,600719
1564,600726
1565,600744
1566,600780
1567,600795
1568,600863
1569,600868
1570,600886
1571,600900
1572,600969
1573,600979
1574,600982
1575,600995
1576,601016
1577,601619
1578,601985
1579,601991
1580,000027
1581,000037
1582,000301
1583,000531
1584,000539
1585,000543
1586,000600
1587,000601
1588,000602
1589,000690
1590,000692
1591,000695
1592,000720
1593,000722
1594,000767
1595,000791
1596,000862
1597,000875
1598,000883
1599,000899
1600,000939
1601,000958
1602,000966
1603,001896
1604,002039
1605,002893
1606,600008
1607,600168
1608,600187
1609,600283
1610,600461
1611,600874
1612,601158
1613,601199
1614,601368
1615,603797
1616,603903
1617,000544
1618,000598
1619,000605
1620,000685
1621,300388
1622,300692
1623,600333
1624,600617
1625,600635
1626,600681
1627,600772
1628,600856
1629,600903
1630,600917
1631,601139
1632,603393
1633,603689
1634,000407
1635,000421
1636,000593
1637,000669
1638,002267
1639,002524
1640,002700
1641,002911
1642,600092
1643,600217
1644,600292
1645,600323
1647,600803
1648,601200
1649,603126
1650,603177
1651,603200
1652,603568
1653,603588
1654,603603
1655,603817
1656,000005
1657,000035
1658,000068
1659,000588
1660,000820
1661,000826
1662,000920
1663,000967
1664,002341
1665,002479
1666,002573
1667,002672
1668,300055
1669,300056
1670,300070
1671,300072
1672,300090
1673,300125
1674,300137
1675,300152
1676,300156
1677,300172
1678,300187
1679,300190
1680,300203
1681,300262
1682,300263
1683,300332
1684,300334
1685,300335
1686,300422
1687,300425
1688,300631
1689,600017
1690,600018
1691,600190
1692,600279
1693,600317
1694,600717
1695,601000
1696,601008
1697,601018
1698,601228
1699,601326
1700,601880
1701,000022
1702,000088
1703,000507
1704,000582
1705,000905
1706,002040
1707,600012
1708,600020
1709,600033
1710,600035
1711,600106
1712,600269
1713,600350
1714,600368
1715,600377
1716,600548
1717,601107
1718,601188
1719,601518
1720,000429
1721,000548
1722,000828
1723,000886
1724,000900
1725,000916
1726,600561
1727,600611
1728,600650
1729,600662
1730,600834
1731,603032
1732,603069
1733,002357
1734,002627
1735,600029
1736,600115
1737,600221
1739,601021
1740,601111
1741,603885
1742,000099
1743,600004
1744,600009
1745,600897
1746,000089
1747,600026
1749,600428
1750,600692
1751,600751
1752,600798
1753,601866
1754,601872
1755,601919
1756,603167
1757,000520
1758,000556
1759,002320
1760,600125
1761,601006
1762,601333
1763,000594
1764,600057
1765,600119
1766,600153
1767,600179
1768,600180
1769,600233
1770,600270
1771,600575
1772,600787
1773,600794
1774,603066
1775,603117
1776,603128
1777,603223
1778,603535
1779,603569
1780,603648
1781,603813
1782,002120
1783,002183
1784,002210
1785,002245
1786,002352
1787,002468
1788,002492
1789,002711
1790,002769
1791,002800
1792,002889
1793,300013
1794,300240
1795,300350
1796,300538
1797,600007
1798,600048
1799,600052
1800,600067
1801,600077
1802,600094
1803,600095
1804,600159
1805,600162
1806,600173
1807,600185
1808,600208
1809,600223
1811,600239
1812,600240
1813,600246
1814,600266
1815,600322
1816,600325
1817,600340
1818,600376
1819,600383
1820,600393
1821,600466
1822,600503
1823,600515
1824,600533
1825,600555
1826,600565
1827,600568
1828,600606
1829,600621
1830,600622
1831,600638
1832,600641
1833,600647
1834,600649
1835,600657
1836,600665
1837,600675
1838,600683
1839,600684
1841,600708
1842,600716
1843,600724
1845,600733
1846,600736
1847,600743
1848,600748
1849,600773
1850,600791
1851,600807
1852,600823
1853,600890
1854,601155
1855,601588
1856,000002
1857,000006
1858,000011
1859,000014
1860,000024
1861,000029
1862,000031
1863,000036
1864,000040
1865,000042
1866,000043
1867,000046
1869,000056
1870,000069
1871,000090
1872,000402
1873,000502
1874,000505
1875,000506
1876,000514
1877,000517
1878,000534
1879,000537
1880,000540
1881,000558
1882,000567
1883,000573
1884,000608
1885,000609
1886,000615
1887,000616
1888,000620
1889,000631
1890,000656
1891,000667
1892,000668
1893,000671
1895,000718
1896,000732
1897,600064
1898,600215
1899,600463
1900,600604
1901,600639
1902,600648
1903,600658
1904,600663
1905,600848
1906,600895
1907,600058
1908,600120
1909,600241
1911,600250
1912,600278
1913,600287
1914,600605
1915,600735
1916,600739
1917,600755
1918,600822
1919,600826
1920,600857
1921,600981
1922,603970
1923,603977
1924,000151
1925,000408
1926,000626
1927,000906
1928,002091
1929,600280
1930,600306
1931,600361
1932,600628
1933,600631
1934,600682
1935,600693
1936,600694
1937,600697
1938,600712
1939,600723
1940,600729
1941,600774
1942,600778
1943,600785
1944,600814
1945,600821
1946,600824
1947,600827
1948,600828
1949,600838
1950,600858
1951,600859
1952,600861
1953,600865
1954,600891
1955,601010
1956,601086
1957,601116
1958,601366
1959,601933
1960,603101
1961,603123
1962,603708
1963,000417
1964,000419
1965,000501
1966,000516
1967,000560
1968,000564
1969,000679
1970,000715
1971,000759
1972,000785
1973,002187
1974,002251
1975,002264
1976,002277
1977,002336
1978,002419
1979,002561
1980,002640
1981,002697
1982,300413
1983,600122
1984,600655
1985,600898
1986,603900
1987,000829
1988,002024
1989,002094
1990,002127
1991,002416
1992,300022
1993,300622
1994,600415
1995,600738
1996,600790
1997,000058
1998,000061
1999,000861
2000,000882
2001,002344
2002,002818
2003,600054
2004,600593
2005,603099
2006,603136
2007,603199
2008,000430
2009,000863
2010,000888
2011,000978
2012,300144
2013,600258
2014,600754
2015,601007
2016,000033
2017,000428
2018,000524
2019,000610
2021,600138
2022,600358
2023,600706
2024,600749
2025,601888
2026,603869
2027,000796
2028,002033
2029,002059
2030,002159
2031,002707
2032,300178
2033,000721
2034,002186
2036,300662
2037,600000
2038,600015
2039,600016
2040,600036
2041,600908
2042,600919
2043,600926
2044,601009
2045,601128
2046,601166
2047,601169
2048,601229
2049,601288
2050,601328
2051,601398
2052,601818
2053,601939
2054,601988
2055,601997
2056,601998
2057,603323
2058,000001
2059,002142
2060,002807
2061,002839
2062,600030
2063,600061
2064,600109
2065,600155
2066,600369
2067,600837
2068,600864
2069,600909
2070,600958
2071,600999
2072,601099
2073,601108
2074,601198
2075,601211
2076,601375
2077,601377
2078,601555
2079,601688
2080,601788
2081,601878
2082,601881
2083,601901
2084,000166
2085,000562
2086,000686
2087,000712
2088,000728
2089,000750
2090,000776
2091,000783
2092,000987
2093,002500
2094,002670
2095,002673
2096,002736
2097,002797
2098,600291
2099,601318
2100,601336
2101,601601
2102,601628
2103,000627
2104,600093
2105,600318
2106,600390
2107,600643
2108,600705
2109,600783
2110,600816
2111,600830
2112,603300
2113,000415
2114,000416
2115,000563
2116,000666
2117,300023
2118,600051
2119,600053
2120,600082
2121,600083
2122,600113
2123,600128
2124,600139
2126,600175
2127,600200
2128,600207
2129,600212
2132,600419
2133,600421
2134,600455
2136,600603
2137,600620
2138,600624
2139,600634
2141,600704
2142,600730
2144,600769
2145,600770
2146,600784
2147,600805
2148,600811
2150,600818
2151,600846
2152,601992
2153,603060
2154,603183
2155,000003
2156,000007
2157,000009
2158,000015
2160,000409
2162,000529
2163,000628
2164,000632
2165,000638
2166,000652
2171,000711
2173,000833
2174,000839
2175,000881
2176,000931
2177,000993
2178,002018
2179,300012
2180,300688
2182,600449
2183,600539
2184,600585
2185,600668
2186,600720
2187,600801
2188,600802
2189,600881
2190,600883
2191,000401
2192,000546
2193,000672
2194,000789
2195,000877
2196,000885
2197,000935
2198,002233
2199,600552
2200,600586
2201,600819
2202,600876
2203,601636
2204,000012
2205,002623
2206,300093
2208,600321
2209,600678
2210,600753
2211,603038
2212,603616
2213,603725
2214,603856
2215,000023
2216,000509
2217,000619
2218,000786
2219,002043
2220,002066
2221,002082
2222,002088
2223,002162
2224,002163
2225,002205
2226,002225
2227,002271
2228,002302
2229,002314
2230,002323
2231,002333
2232,002346
2233,002372
2234,002392
2235,002398
2236,002457
2237,002596
2238,002641
2239,002652
2240,002671
2241,002694
2242,002718
2243,002742
2244,002785
2245,002791
2246,002795
2247,300117
2248,300198
2249,300234
2250,300344
2251,300374
2252,300599
2253,300715
2254,600170
2255,600491
2256,600939
2257,601668
2258,601789
2259,603887
2260,300500
2261,300668
2262,300675
2263,600209
2264,601886
2265,603030
2266,603081
2267,603466
2268,603828
2269,000018
2270,002047
2271,002081
2272,002325
2273,002375
2274,002482
2276,002620
2277,002713
2278,002781
2279,002789
2280,002811
2281,002822
2282,002830
2283,002856
2284,300506
2285,300592
2286,300621
2287,600039
2288,600068
2289,600133
2290,600263
2291,600284
2292,600326
2293,600502
2294,600512
2295,600528
2296,600545
2297,600820
2298,600853
2299,601186
2300,601390
2301,601611
2302,601669
2303,601800
2304,603017
2305,603018
2306,603357
2307,603458
2308,603843
2309,603860
2310,603909
2311,000498
2312,002060
2313,002062
2314,002116
2315,002307
2316,002586
2317,002628
2318,002883
2319,300284
2320,300492
2321,600248
2322,600477
2323,600496
2324,600629
2325,600667
2327,600970
2328,601117
2329,601226
2330,601618
2331,603098
2332,603637
2333,603698
2334,603929
2335,603959
2336,000055
2337,000065
2338,000928
2339,002051
2340,002135
2341,002140
2342,002178
2343,002310
2344,002469
2345,002541
2346,002542
2347,002545
2348,002659
2349,002743
2350,002755
2351,300517
2352,300635
2353,300712
2354,600610
2355,603007
2356,603316
2357,603359
2358,603388
2359,603717
2360,603778
2361,603955
2362,000010
2364,002200
2365,002374
2366,002431
2367,002663
2368,002717
2369,002775
2370,002887
2371,300197
2372,300237
2373,300355
2374,300495
2375,300536
2376,300649
2377,600580
2378,603320
2379,603728
2380,603819
2381,603988
2383,002176
2384,002196
2385,002249
2386,002576
2387,002801
2388,002823
2389,002892
2390,300308
2391,300626
2392,300660
2393,600268
2394,600406
2395,600525
2396,600590
2397,601126
2398,601222
2399,601567
2400,603015
2401,603025
2402,603050
2403,603063
2404,603100
2405,603416
2406,603488
2407,603859
2408,000400
2409,000682
2410,002028
2411,002058
2412,002090
2413,002121
2414,002169
2415,002184
2416,002322
2417,002334
2418,002339
2419,002527
2420,002546
2421,002767
2422,300018
2423,300040
2424,300048
2425,300124
2426,300208
2427,300222
2428,300286
2429,300356
2430,300360
2431,300370
2432,300407
2433,300427
2434,300466
2435,300484
2436,300490
2437,300514
2438,300667
2439,300681
2440,600151
2441,600202
2442,600290
2444,600405
2445,600416
2446,600475
2447,600482
2448,600537
2450,600875
2451,601012
2452,601218
2454,601727
2455,601908
2456,603218
2457,603396
2458,603507
2459,603628
2460,603659
2461,603806
2462,000591
2463,002129
2464,002202
2465,002218
2466,002227
2467,002255
2468,002266
2469,002309
2470,002335
2471,002364
2472,002506
2473,002518
2474,002531
2475,002534
2476,002580
2477,002610
2478,002630
2479,002665
2480,002733
2481,002851
2482,300011
2483,300029
2484,300068
2485,300105
2486,300111
2487,300118
2488,300129
2489,300141
2490,300153
2491,300274
2492,300316
2493,300317
2494,300372
2495,300376
2496,300393
2497,300443
2498,300491
2499,300569
2500,300593
2501,300693
2502,300713
2503,600089
2505,600192
2506,600312
2507,600353
2508,600379
2509,600468
2510,600517
2511,600550
2512,600627
2513,600869
2514,600885
2515,600973
2516,601179
2517,601616
2518,601700
2519,601877
2520,603016
2521,603333
2522,603577
2523,603606
2524,603618
2525,603829
2526,603861
2527,000585
2528,000806
2529,002074
2530,002112
2531,002168
2532,002212
2533,002270
2534,002276
2535,002298
2536,002300
2537,002350
2538,002358
2539,002359
2540,002441
2541,002451
2542,002452
2543,002471
2544,002498
2545,002533
2546,002560
2547,002606
2548,002617
2549,002622
2550,002692
2551,002706
2552,002879
2553,002882
2554,300001
2555,300062
2556,300069
2557,300120
2558,300140
2559,300215
2560,300265
2561,300283
2562,300414
2563,300423
2564,300444
2565,300447
2566,300477
2567,300510
2568,300600
2569,300617
2570,300670
2571,600172
2572,600218
2573,600243
2574,600382
2575,600481
2576,600592
2577,600765
2579,600841
2580,601002
2581,601100
2582,601177
2583,601369
2584,601882
2585,603088
2586,603090
2587,603131
2588,603269
2589,603308
2590,603315
2591,603331
2592,603339
2593,603617
2594,603667
2595,603699
2596,603757
2597,603912
2598,603960
2599,603985
2601,000530
2602,000570
2604,000617
2605,000777
2606,000811
2607,000816
2608,000837
2609,000880
2610,002026
2611,002046
2612,002122
2613,002147
2614,002158
2615,002164
2617,002272
2618,002282
2619,002347
2620,002423
2621,002426
2622,002438
2623,002444
2624,002480
2625,002514
2626,002520
2627,002530
2628,002532
2629,002537
2630,002552
2631,002559
2632,002598
2633,002633
2634,002639
2635,002686
2636,002747
2637,002760
2638,002793
2639,002796
2640,002871
2641,002877
2642,002884
2643,002896
2644,002903
2645,300024
2646,300064
2647,300080
2648,300091
2649,300092
2650,300095
2651,300097
2652,300126
2653,300145
2654,300154
2655,300161
2656,300179
2657,300185
2658,300193
2659,300257
2660,300260
2661,300266
2662,300278
2663,300280
2664,300345
2665,300391
2666,300400
2667,300420
2668,300421
2669,300430
2670,300435
2671,600031
2672,600169
2673,600302
2674,600320
2675,600375
2676,600388
2677,600444
2678,600499
2679,600501
2680,600520
2681,600526
2682,600560
2683,600579
2684,600582
2686,600761
2688,600835
2689,600843
2691,600894
2692,600984
2693,601038
2696,601313
2697,601608
2698,601717
2699,601798
2700,603011
2701,603012
2702,603029
2703,603036
2704,603076
2705,603159
2706,603169
2707,603203
2708,603277
2709,603289
2710,603298
2711,603311
2712,603318
2713,603321
2714,603337
2715,603338
2716,603611
2717,603638
2718,603656
2719,603686
2720,603690
2721,603789
2722,603800
2723,603855
2724,603901
2725,603966
2726,000157
2727,000425
2728,000528
2729,000551
2730,000680
2731,000821
2732,000852
2733,000856
2734,000923
2735,002006
2736,002009
2737,002021
2738,002031
2739,002073
2740,002097
2741,002111
2742,002192
2743,002204
2744,002209
2745,002278
2746,002337
2747,002353
2748,002366
2749,002367
2750,002430
2751,002435
2752,002459
2753,002483
2755,002499
2756,002509
2757,002523
2758,002526
2759,002529
2760,002535
2761,002564
2762,002595
2763,002611
2764,002613
2765,002621
2766,002645
2767,002651
2768,002667
2769,002685
2770,002689
2771,603556
2772,000901
2773,002338
2774,002658
2775,002819
2776,002849
2777,002857
2778,002870
2779,300007
2780,300066
2781,300112
2782,300114
2783,300165
2784,300259
2785,300306
2786,300338
2787,300341
2788,300349
2789,300354
2790,300371
2791,300416
2792,300417
2793,300445
2794,300515
2795,300553
2796,300557
2797,300567
2798,300572
2799,300648
2800,600165
2801,600558
2802,600577
2803,600992
2804,601028
2805,603028
2806,603278
2807,603626
2808,603937
2809,603969
2810,000039
2812,000890
2813,002132
2814,002150
2815,002342
2816,002487
2817,002647
2818,002843
2819,300228
2820,300402
2821,600262
2822,600495
2823,601299
2824,601766
2825,603111
2826,603500
2827,603680
2828,000008
2829,000925
2830,000976
2831,300351
2832,600118
2833,600343
2834,600677
2835,600879
2836,002151
2837,002829
2838,300034
2839,300101
2840,300456
2841,300474
2842,600038
2843,600316
2844,600372
2845,600391
2846,600862
2847,600893
2848,000738
2849,000768
2850,002013
2851,002023
2852,002190
2853,002297
2854,002413
2855,300159
2856,300397
2857,300424
2858,300527
2859,300581
2860,300696
2861,300719
2862,600184
2863,600435
2864,600562
2865,600760
2866,600967
2867,600990
2868,000519
2869,000547
2870,300722
2871,600072
2872,600150
2873,600685
2874,601890
2875,601989
2876,002608
2877,300008
2878,300123
2879,300589
2880,600100
2881,600601
2882,600764
2883,600800
2884,600855
2885,603019
2886,603106
2887,603496
2888,603660
2889,000021
2890,000066
2891,000748
2892,000938
2893,000977
2894,000997
2895,002152
2896,002177
2897,002197
2898,002268
2899,002296
2900,002308
2902,002376
2903,002383
2904,002512
2905,002528
2906,002577
2907,002835
2908,300042
2909,300045
2910,300065
2911,300130
2912,300155
2913,300177
2914,300202
2915,300270
2916,300302
2917,300333
2918,300367
2919,300368
2920,300386
2921,300449
2922,300455
2923,300462
2924,300479
2925,300546
2926,300627
2927,600271
2928,600286
2929,600410
2930,600446
2931,600476
2932,600536
2933,600570
2934,600571
2935,600588
2936,600602
2939,600701
2940,600718
2941,600728
2942,600756
2943,600797
2945,600845
2946,600850
2948,603039
2949,603138
2950,603189
2951,603232
2952,603383
2953,603508
2954,603636
2955,603881
2956,603918
2957,603990
2958,000034
2959,000158
2960,000555
2961,000583
2962,000606
2964,000662
2967,000948
2968,002063
2969,002065
2970,002072
2971,002153
2972,002195
2973,002230
2974,002232
2975,002253
2976,002279
2977,002280
2978,002331
2979,002362
2980,002368
2981,002373
2982,002380
2983,002401
2984,002405
2985,002410
2986,002421
2987,002439
2988,002474
2989,002609
2990,002642
2991,002649
2992,002657
2993,002766
2994,002771
2995,002777
2996,002869
2997,300002
2998,300010
2999,300020
3000,300033
3001,300036
3002,300044
3003,300047
3004,300074
3005,300075
3006,300079
3007,300085
3008,300096
3009,300150
3010,300166
3011,300167
3012,300168
3013,300170
3014,300182
3015,300188
3016,300209
3017,300212
3018,300229
3019,300231
3020,300235
3021,300245
3022,300248
3023,300253
3024,300264
3025,300271
3026,300277
3027,600037
3028,600088
3029,600136
3030,600158
3031,600229
3032,600551
3033,600576
3034,600633
3035,600637
3036,600715
3037,600757
3038,600825
3039,600831
3040,600832
3041,600880
3042,600936
3043,600959
3044,600977
3045,600996
3046,601019
3047,601098
3048,601595
3049,601801
3050,601811
3051,601858
3052,601900
3053,601928
3054,601929
3055,601949
3056,601999
3057,603096
3058,603103
3059,603721
3060,603999
3061,000156
3062,000504
3063,000665
3064,000673
3065,000681
3066,000719
3067,000793
3068,000802
3069,000917
3070,002071
3071,002175
3072,002181
3073,002188
3074,002238
3075,002292
3076,002343
3077,002445
3078,002739
3079,002858
3080,002905
3081,300027
3082,300133
3083,300148
3084,300251
3085,300291
3086,300364
3087,300426
3088,300528
3089,300654
3090,600242
3091,600386
3092,600986
3093,603598
3094,603729
3095,603825
3096,000038
3097,000607
3098,000892
3099,002027
3100,002131
3101,002137
3102,002143
3103,002400
3104,002654
3105,002712
3106,002878
3107,300058
3108,300063
3109,300071
3110,300242
3111,300269
3112,300336
3113,300343
3114,300392
3115,300612
3116,600373
3117,600640
3118,600652
3119,600661
3120,600892
3122,603000
3123,603258
3124,603444
3125,603533
3126,603888
3128,000676
3130,000835
3131,002095
3132,002103
3133,002113
3134,002123
3135,002148
3136,002174
3137,002247
3138,002261
3139,002315
3140,002354
3141,002425
3142,002464
3143,002502
3144,002517
3145,002555
3146,002558
3147,002602
3148,002619
3149,002624
3150,300031
3151,300043
3152,300051
3153,300052
3154,300059
3155,300104
3156,300113
3157,300226
3158,300295
3159,300299
3160,300315
3161,300359
3162,300383
3163,300418
3164,300431
3165,300467
3166,300494
3167,300518
3168,300533
3169,600050
3170,000889
3171,002467
3172,300571
3173,300578
3174,600105
3175,600130
3176,600198
3177,600203
3178,600260
3179,600289
3180,600293
3181,600345
3182,600355
3183,600462
3184,600485
3185,600487
3186,600498
3187,600522
3189,600734
3190,600745
3191,600775
3192,600776
3193,600804
3194,603042
3195,603083
3196,603118
3197,603322
3198,603421
3199,603559
3200,603602
3201,603703
3202,603803
3203,000032
3204,000063
3205,000070
3206,000561
3207,000586
3208,000687
3209,000836
3210,000851
3211,000971
3212,002017
3213,002089
3214,002093
3215,002104
3216,002115
3217,002194
3218,002231
3219,002281
3220,002313
3221,002316
3222,002396
3223,002417
3224,002446
3225,002465
3226,002491
3227,002544
3228,002583
3229,002792
3230,002813
3231,002897
3232,002908
3233,300017
3234,300025
3235,300028
3236,300038
3237,300050
3238,300081
3239,300098
3240,300134
3241,300205
3242,300211
3243,300213
3244,300250
3245,300252
3246,300292
3247,300310
3248,300312
3249,300353
3250,300531
3251,300548
3252,300555
3253,300560
3254,300563
3255,300565
3256,300570
3257,300590
3258,300597
3259,300603
3260,300615
3261,300620
3262,300628
3263,300638
3264,300689
3265,300698
3266,300710
3267,300711
3341,300084
3739,600840
3980,000569
4531,000909
4653,300547
4820,000918
5581,600607
5602,600842
5714,000578
